time,latitude,longitude,valid_time,t2m,t2m_c
2025-06-01 00:00:00,51.5,0.0,2025-06-01 00:00:00,289.73172,16.581726
2025-06-01 06:00:00,51.5,0.0,2025-06-01 06:00:00,287.25647,14.106476
2025-06-01 12:00:00,51.5,0.0,2025-06-01 12:00:00,293.44055,20.290558
2025-06-01 18:00:00,51.5,0.0,2025-06-01 18:00:00,292.3498,19.199799
2025-06-02 00:00:00,51.5,0.0,2025-06-02 00:00:00,287.4126,14.262604
2025-06-02 06:00:00,51.5,0.0,2025-06-02 06:00:00,286.15735,13.007355
2025-06-02 12:00:00,51.5,0.0,2025-06-02 12:00:00,292.56018,19.410187
2025-06-02 18:00:00,51.5,0.0,2025-06-02 18:00:00,293.28418,20.134186
2025-06-03 00:00:00,51.5,0.0,2025-06-03 00:00:00,285.06177,11.911774
2025-06-03 06:00:00,51.5,0.0,2025-06-03 06:00:00,286.37866,13.228668
2025-06-03 12:00:00,51.5,0.0,2025-06-03 12:00:00,288.13403,14.984039
2025-06-03 18:00:00,51.5,0.0,2025-06-03 18:00:00,289.79443,16.64444
2025-06-04 00:00:00,51.5,0.0,2025-06-04 00:00:00,285.27344,12.123444
2025-06-04 06:00:00,51.5,0.0,2025-06-04 06:00:00,284.83685,11.686859
2025-06-04 12:00:00,51.5,0.0,2025-06-04 12:00:00,290.74826,17.598267
2025-06-04 18:00:00,51.5,0.0,2025-06-04 18:00:00,289.8061,16.656097
2025-06-05 00:00:00,51.5,0.0,2025-06-05 00:00:00,285.91315,12.763153
2025-06-05 06:00:00,51.5,0.0,2025-06-05 06:00:00,286.01523,12.865234
2025-06-05 12:00:00,51.5,0.0,2025-06-05 12:00:00,288.19965,15.049652
2025-06-05 18:00:00,51.5,0.0,2025-06-05 18:00:00,288.66864,15.518646
2025-06-06 00:00:00,51.5,0.0,2025-06-06 00:00:00,285.67844,12.528442
2025-06-06 06:00:00,51.5,0.0,2025-06-06 06:00:00,285.26004,12.110046
2025-06-06 12:00:00,51.5,0.0,2025-06-06 12:00:00,291.13733,17.987335
2025-06-06 18:00:00,51.5,0.0,2025-06-06 18:00:00,290.3381,17.18811
2025-06-07 00:00:00,51.5,0.0,2025-06-07 00:00:00,285.62622,12.476227
2025-06-07 06:00:00,51.5,0.0,2025-06-07 06:00:00,284.72665,11.57666
2025-06-07 12:00:00,51.5,0.0,2025-06-07 12:00:00,287.80383,14.653839
2025-06-07 18:00:00,51.5,0.0,2025-06-07 18:00:00,285.74725,12.5972595
2025-06-08 00:00:00,51.5,0.0,2025-06-08 00:00:00,283.76233,10.612335
2025-06-08 06:00:00,51.5,0.0,2025-06-08 06:00:00,282.97064,9.820648
2025-06-08 12:00:00,51.5,0.0,2025-06-08 12:00:00,289.96344,16.813446
2025-06-08 18:00:00,51.5,0.0,2025-06-08 18:00:00,289.97534,16.825348
2025-06-09 00:00:00,51.5,0.0,2025-06-09 00:00:00,285.31393,12.16394
2025-06-09 06:00:00,51.5,0.0,2025-06-09 06:00:00,285.77472,12.624725
2025-06-09 12:00:00,51.5,0.0,2025-06-09 12:00:00,291.68753,18.537537
2025-06-09 18:00:00,51.5,0.0,2025-06-09 18:00:00,291.83185,18.681854
2025-06-10 00:00:00,51.5,0.0,2025-06-10 00:00:00,286.90625,13.756256
2025-06-10 06:00:00,51.5,0.0,2025-06-10 06:00:00,287.4869,14.336914
2025-06-10 12:00:00,51.5,0.0,2025-06-10 12:00:00,292.4612,19.311218
2025-06-10 18:00:00,51.5,0.0,2025-06-10 18:00:00,294.8611,21.71112
2025-06-11 00:00:00,51.5,0.0,2025-06-11 00:00:00,286.3595,13.209503
2025-06-11 06:00:00,51.5,0.0,2025-06-11 06:00:00,286.5099,13.359894
2025-06-11 12:00:00,51.5,0.0,2025-06-11 12:00:00,293.18842,20.038422
2025-06-11 18:00:00,51.5,0.0,2025-06-11 18:00:00,293.43134,20.281342
2025-06-12 00:00:00,51.5,0.0,2025-06-12 00:00:00,287.0437,13.893707
2025-06-12 06:00:00,51.5,0.0,2025-06-12 06:00:00,288.98074,15.8307495
2025-06-12 12:00:00,51.5,0.0,2025-06-12 12:00:00,295.8913,22.741302
2025-06-12 18:00:00,51.5,0.0,2025-06-12 18:00:00,297.5374,24.38742
2025-06-13 00:00:00,51.5,0.0,2025-06-13 00:00:00,290.3932,17.243195
2025-06-13 06:00:00,51.5,0.0,2025-06-13 06:00:00,290.99698,17.846985
2025-06-13 12:00:00,51.5,0.0,2025-06-13 12:00:00,300.38483,27.234833
2025-06-13 18:00:00,51.5,0.0,2025-06-13 18:00:00,299.11914,25.969147
2025-06-14 00:00:00,51.5,0.0,2025-06-14 00:00:00,291.1723,18.022308
2025-06-14 06:00:00,51.5,0.0,2025-06-14 06:00:00,291.46985,18.319855
2025-06-14 12:00:00,51.5,0.0,2025-06-14 12:00:00,297.0343,23.884308
2025-06-14 18:00:00,51.5,0.0,2025-06-14 18:00:00,294.06464,20.914642
2025-06-15 00:00:00,51.5,0.0,2025-06-15 00:00:00,287.55792,14.407928
2025-06-15 06:00:00,51.5,0.0,2025-06-15 06:00:00,287.51337,14.363373
2025-06-15 12:00:00,51.5,0.0,2025-06-15 12:00:00,295.10498,21.954987
2025-06-15 18:00:00,51.5,0.0,2025-06-15 18:00:00,296.27805,23.128052
2025-06-16 00:00:00,51.5,0.0,2025-06-16 00:00:00,289.3509,16.200897
2025-06-16 06:00:00,51.5,0.0,2025-06-16 06:00:00,289.4566,16.30661
2025-06-16 12:00:00,51.5,0.0,2025-06-16 12:00:00,297.5833,24.43332
2025-06-16 18:00:00,51.5,0.0,2025-06-16 18:00:00,298.67163,25.521637
2025-06-17 00:00:00,51.5,0.0,2025-06-17 00:00:00,290.71063,17.560638
2025-06-17 06:00:00,51.5,0.0,2025-06-17 06:00:00,289.63696,16.486969
2025-06-17 12:00:00,51.5,0.0,2025-06-17 12:00:00,298.37497,25.224976
2025-06-17 18:00:00,51.5,0.0,2025-06-17 18:00:00,300.07767,26.927673
2025-06-18 00:00:00,51.5,0.0,2025-06-18 00:00:00,291.38123,18.231232
2025-06-18 06:00:00,51.5,0.0,2025-06-18 06:00:00,290.18463,17.034637
2025-06-18 12:00:00,51.5,0.0,2025-06-18 12:00:00,299.36298,26.212982
2025-06-18 18:00:00,51.5,0.0,2025-06-18 18:00:00,301.25632,28.106323
2025-06-19 00:00:00,51.5,0.0,2025-06-19 00:00:00,292.47528,19.325287
2025-06-19 06:00:00,51.5,0.0,2025-06-19 06:00:00,292.0689,18.918915
2025-06-19 12:00:00,51.5,0.0,2025-06-19 12:00:00,302.3094,29.159393
2025-06-19 18:00:00,51.5,0.0,2025-06-19 18:00:00,301.90497,28.754974
2025-06-20 00:00:00,51.5,0.0,2025-06-20 00:00:00,291.15564,18.005646
2025-06-20 06:00:00,51.5,0.0,2025-06-20 06:00:00,292.08563,18.935638
2025-06-20 12:00:00,51.5,0.0,2025-06-20 12:00:00,300.65588,27.50589
2025-06-20 18:00:00,51.5,0.0,2025-06-20 18:00:00,298.77286,25.622864
2025-06-21 00:00:00,51.5,0.0,2025-06-21 00:00:00,290.81787,17.667877
2025-06-21 06:00:00,51.5,0.0,2025-06-21 06:00:00,292.6201,19.470093
2025-06-21 12:00:00,51.5,0.0,2025-06-21 12:00:00,303.30682,30.15683
2025-06-21 18:00:00,51.5,0.0,2025-06-21 18:00:00,302.6812,29.53122
2025-06-22 00:00:00,51.5,0.0,2025-06-22 00:00:00,298.19568,25.045685
2025-06-22 06:00:00,51.5,0.0,2025-06-22 06:00:00,290.8908,17.740814
2025-06-22 12:00:00,51.5,0.0,2025-06-22 12:00:00,299.02667,25.876678
2025-06-22 18:00:00,51.5,0.0,2025-06-22 18:00:00,294.95624,21.806244
2025-06-23 00:00:00,51.5,0.0,2025-06-23 00:00:00,290.70596,17.55597
2025-06-23 06:00:00,51.5,0.0,2025-06-23 06:00:00,289.7343,16.58432
2025-06-23 12:00:00,51.5,0.0,2025-06-23 12:00:00,293.82776,20.677765
2025-06-23 18:00:00,51.5,0.0,2025-06-23 18:00:00,294.65405,21.504059
2025-06-24 00:00:00,51.5,0.0,2025-06-24 00:00:00,287.8779,14.727905
2025-06-24 06:00:00,51.5,0.0,2025-06-24 06:00:00,287.78506,14.635071
2025-06-24 12:00:00,51.5,0.0,2025-06-24 12:00:00,296.9426,23.792603
2025-06-24 18:00:00,51.5,0.0,2025-06-24 18:00:00,297.2685,24.1185
2025-06-25 00:00:00,51.5,0.0,2025-06-25 00:00:00,291.0671,17.917114
2025-06-25 06:00:00,51.5,0.0,2025-06-25 06:00:00,289.8331,16.683105
2025-06-25 12:00:00,51.5,0.0,2025-06-25 12:00:00,297.11963,23.969635
2025-06-25 18:00:00,51.5,0.0,2025-06-25 18:00:00,299.4218,26.27182
2025-06-26 00:00:00,51.5,0.0,2025-06-26 00:00:00,293.0193,19.869293
2025-06-26 06:00:00,51.5,0.0,2025-06-26 06:00:00,291.4018,18.2518
2025-06-26 12:00:00,51.5,0.0,2025-06-26 12:00:00,295.65244,22.502441
2025-06-26 18:00:00,51.5,0.0,2025-06-26 18:00:00,294.99548,21.84549
2025-06-27 00:00:00,51.5,0.0,2025-06-27 00:00:00,288.7688,15.618805
2025-06-27 06:00:00,51.5,0.0,2025-06-27 06:00:00,287.7074,14.557404
2025-06-27 12:00:00,51.5,0.0,2025-06-27 12:00:00,297.52057,24.370575
2025-06-27 18:00:00,51.5,0.0,2025-06-27 18:00:00,296.56927,23.419281
2025-06-28 00:00:00,51.5,0.0,2025-06-28 00:00:00,292.19666,19.046661
2025-06-28 06:00:00,51.5,0.0,2025-06-28 06:00:00,292.70944,19.559448
2025-06-28 12:00:00,51.5,0.0,2025-06-28 12:00:00,298.883,25.733002
2025-06-28 18:00:00,51.5,0.0,2025-06-28 18:00:00,302.47687,29.326874
2025-06-29 00:00:00,51.5,0.0,2025-06-29 00:00:00,293.95694,20.806946
2025-06-29 06:00:00,51.5,0.0,2025-06-29 06:00:00,291.81696,18.666962
2025-06-29 12:00:00,51.5,0.0,2025-06-29 12:00:00,299.82217,26.67218
2025-06-29 18:00:00,51.5,0.0,2025-06-29 18:00:00,302.40393,29.253937
2025-06-30 00:00:00,51.5,0.0,2025-06-30 00:00:00,292.9445,19.794495
2025-06-30 06:00:00,51.5,0.0,2025-06-30 06:00:00,292.7254,19.575409
2025-06-30 12:00:00,51.5,0.0,2025-06-30 12:00:00,304.26526,31.115265
2025-06-30 18:00:00,51.5,0.0,2025-06-30 18:00:00,304.67932,31.529327
2025-07-01 00:00:00,51.5,0.0,2025-07-01 00:00:00,296.48517,23.335175
2025-07-01 06:00:00,51.5,0.0,2025-07-01 06:00:00,297.00916,23.859161
2025-07-01 12:00:00,51.5,0.0,2025-07-01 12:00:00,305.0799,31.929901
2025-07-01 18:00:00,51.5,0.0,2025-07-01 18:00:00,304.45807,31.308075
2025-07-02 00:00:00,51.5,0.0,2025-07-02 00:00:00,294.56506,21.41507
2025-07-02 06:00:00,51.5,0.0,2025-07-02 06:00:00,290.9642,17.814209
2025-07-02 12:00:00,51.5,0.0,2025-07-02 12:00:00,291.54114,18.391144
2025-07-02 18:00:00,51.5,0.0,2025-07-02 18:00:00,296.3722,23.222198
2025-07-03 00:00:00,51.5,0.0,2025-07-03 00:00:00,286.98132,13.831329
2025-07-03 06:00:00,51.5,0.0,2025-07-03 06:00:00,287.2743,14.124298
2025-07-03 12:00:00,51.5,0.0,2025-07-03 12:00:00,295.39474,22.244751
2025-07-03 18:00:00,51.5,0.0,2025-07-03 18:00:00,296.50946,23.359467
2025-07-04 00:00:00,51.5,0.0,2025-07-04 00:00:00,289.95663,16.80664
2025-07-04 06:00:00,51.5,0.0,2025-07-04 06:00:00,288.76862,15.618622
2025-07-04 12:00:00,51.5,0.0,2025-07-04 12:00:00,297.5215,24.371521
2025-07-04 18:00:00,51.5,0.0,2025-07-04 18:00:00,298.95447,25.804474
2025-07-05 00:00:00,51.5,0.0,2025-07-05 00:00:00,292.136,18.985992
2025-07-05 06:00:00,51.5,0.0,2025-07-05 06:00:00,290.17303,17.02304
2025-07-05 12:00:00,51.5,0.0,2025-07-05 12:00:00,293.12292,19.97293
2025-07-05 18:00:00,51.5,0.0,2025-07-05 18:00:00,294.40125,21.251251
2025-07-06 00:00:00,51.5,0.0,2025-07-06 00:00:00,291.141,17.990997
2025-07-06 06:00:00,51.5,0.0,2025-07-06 06:00:00,290.36768,17.217682
2025-07-06 12:00:00,51.5,0.0,2025-07-06 12:00:00,292.20453,19.054535
2025-07-06 18:00:00,51.5,0.0,2025-07-06 18:00:00,292.74164,19.591644
2025-07-07 00:00:00,51.5,0.0,2025-07-07 00:00:00,289.60547,16.455475
2025-07-07 06:00:00,51.5,0.0,2025-07-07 06:00:00,286.62982,13.479828
2025-07-07 12:00:00,51.5,0.0,2025-07-07 12:00:00,291.88385,18.733856
2025-07-07 18:00:00,51.5,0.0,2025-07-07 18:00:00,293.2386,20.088593
2025-07-08 00:00:00,51.5,0.0,2025-07-08 00:00:00,287.76123,14.611237
2025-07-08 06:00:00,51.5,0.0,2025-07-08 06:00:00,286.398,13.248016
2025-07-08 12:00:00,51.5,0.0,2025-07-08 12:00:00,294.07816,20.928162
2025-07-08 18:00:00,51.5,0.0,2025-07-08 18:00:00,295.44067,22.29068
2025-07-09 00:00:00,51.5,0.0,2025-07-09 00:00:00,287.4134,14.263397
2025-07-09 06:00:00,51.5,0.0,2025-07-09 06:00:00,287.6706,14.520599
2025-07-09 12:00:00,51.5,0.0,2025-07-09 12:00:00,296.0548,22.904816
2025-07-09 18:00:00,51.5,0.0,2025-07-09 18:00:00,298.92975,25.779755
2025-07-10 00:00:00,51.5,0.0,2025-07-10 00:00:00,291.68683,18.536835
2025-07-10 06:00:00,51.5,0.0,2025-07-10 06:00:00,291.50848,18.35849
2025-07-10 12:00:00,51.5,0.0,2025-07-10 12:00:00,300.84088,27.690887
2025-07-10 18:00:00,51.5,0.0,2025-07-10 18:00:00,301.8452,28.69522
2025-07-11 00:00:00,51.5,0.0,2025-07-11 00:00:00,292.47754,19.327545
2025-07-11 06:00:00,51.5,0.0,2025-07-11 06:00:00,292.39862,19.248627
2025-07-11 12:00:00,51.5,0.0,2025-07-11 12:00:00,302.36993,29.21994
2025-07-11 18:00:00,51.5,0.0,2025-07-11 18:00:00,303.84454,30.69455
2025-07-12 00:00:00,51.5,0.0,2025-07-12 00:00:00,293.5431,20.393097
2025-07-12 06:00:00,51.5,0.0,2025-07-12 06:00:00,292.32922,19.17923
2025-07-12 12:00:00,51.5,0.0,2025-07-12 12:00:00,300.75552,27.60553
2025-07-12 18:00:00,51.5,0.0,2025-07-12 18:00:00,297.6738,24.523804
2025-07-13 00:00:00,51.5,0.0,2025-07-13 00:00:00,289.7374,16.587402
2025-07-13 06:00:00,51.5,0.0,2025-07-13 06:00:00,288.96594,15.8159485
2025-07-13 12:00:00,51.5,0.0,2025-07-13 12:00:00,297.00864,23.858643
2025-07-13 18:00:00,51.5,0.0,2025-07-13 18:00:00,300.21588,27.065887
2025-07-14 00:00:00,51.5,0.0,2025-07-14 00:00:00,292.6021,19.452118
2025-07-14 06:00:00,51.5,0.0,2025-07-14 06:00:00,292.0365,18.886505
2025-07-14 12:00:00,51.5,0.0,2025-07-14 12:00:00,297.4633,24.313293
2025-07-14 18:00:00,51.5,0.0,2025-07-14 18:00:00,295.72635,22.576355
2025-07-15 00:00:00,51.5,0.0,2025-07-15 00:00:00,288.85242,15.702423
2025-07-15 06:00:00,51.5,0.0,2025-07-15 06:00:00,288.74997,15.599976
2025-07-15 12:00:00,51.5,0.0,2025-07-15 12:00:00,293.65253,20.502533
2025-07-15 18:00:00,51.5,0.0,2025-07-15 18:00:00,293.68524,20.535248
2025-07-16 00:00:00,51.5,0.0,2025-07-16 00:00:00,289.87878,16.72879
2025-07-16 06:00:00,51.5,0.0,2025-07-16 06:00:00,288.7221,15.572113
2025-07-16 12:00:00,51.5,0.0,2025-07-16 12:00:00,296.2312,23.081207
2025-07-16 18:00:00,51.5,0.0,2025-07-16 18:00:00,296.34467,23.194672
2025-07-17 00:00:00,51.5,0.0,2025-07-17 00:00:00,290.89764,17.74765
2025-07-17 06:00:00,51.5,0.0,2025-07-17 06:00:00,291.1493,17.999298
2025-07-17 12:00:00,51.5,0.0,2025-07-17 12:00:00,297.48856,24.338562
2025-07-17 18:00:00,51.5,0.0,2025-07-17 18:00:00,297.9758,24.825806
2025-07-18 00:00:00,51.5,0.0,2025-07-18 00:00:00,293.7486,20.598602
2025-07-18 06:00:00,51.5,0.0,2025-07-18 06:00:00,291.97043,18.820435
2025-07-18 12:00:00,51.5,0.0,2025-07-18 12:00:00,300.79443,27.64444
2025-07-18 18:00:00,51.5,0.0,2025-07-18 18:00:00,301.50388,28.353882
2025-07-19 00:00:00,51.5,0.0,2025-07-19 00:00:00,294.75787,21.60788
2025-07-19 06:00:00,51.5,0.0,2025-07-19 06:00:00,290.7162,17.566193
2025-07-19 12:00:00,51.5,0.0,2025-07-19 12:00:00,291.78607,18.636078
2025-07-19 18:00:00,51.5,0.0,2025-07-19 18:00:00,294.3685,21.218506
2025-07-20 00:00:00,51.5,0.0,2025-07-20 00:00:00,290.25616,17.10617
2025-07-20 06:00:00,51.5,0.0,2025-07-20 06:00:00,290.7254,17.575409
2025-07-20 12:00:00,51.5,0.0,2025-07-20 12:00:00,292.05905,18.909058
2025-07-20 18:00:00,51.5,0.0,2025-07-20 18:00:00,293.06763,19.917633
2025-07-21 00:00:00,51.5,0.0,2025-07-21 00:00:00,288.32953,15.179535
2025-07-21 06:00:00,51.5,0.0,2025-07-21 06:00:00,288.07144,14.921448
2025-07-21 12:00:00,51.5,0.0,2025-07-21 12:00:00,294.21875,21.068756
2025-07-21 18:00:00,51.5,0.0,2025-07-21 18:00:00,293.5078,20.357819
2025-07-22 00:00:00,51.5,0.0,2025-07-22 00:00:00,289.43335,16.283356
2025-07-22 06:00:00,51.5,0.0,2025-07-22 06:00:00,289.75018,16.60019
2025-07-22 12:00:00,51.5,0.0,2025-07-22 12:00:00,295.08752,21.93753
2025-07-22 18:00:00,51.5,0.0,2025-07-22 18:00:00,293.53186,20.381866
2025-07-23 00:00:00,51.5,0.0,2025-07-23 00:00:00,290.27155,17.121552
2025-07-23 06:00:00,51.5,0.0,2025-07-23 06:00:00,289.11032,15.960327
2025-07-23 12:00:00,51.5,0.0,2025-07-23 12:00:00,294.06793,20.917938
2025-07-23 18:00:00,51.5,0.0,2025-07-23 18:00:00,294.48813,21.338135
2025-07-24 00:00:00,51.5,0.0,2025-07-24 00:00:00,289.24084,16.09085
2025-07-24 06:00:00,51.5,0.0,2025-07-24 06:00:00,289.66968,16.519684
2025-07-24 12:00:00,51.5,0.0,2025-07-24 12:00:00,292.53394,19.383942
2025-07-24 18:00:00,51.5,0.0,2025-07-24 18:00:00,291.52948,18.379486
2025-07-25 00:00:00,51.5,0.0,2025-07-25 00:00:00,289.5785,16.428497
2025-07-25 06:00:00,51.5,0.0,2025-07-25 06:00:00,289.1272,15.977203
2025-07-25 12:00:00,51.5,0.0,2025-07-25 12:00:00,296.75812,23.608124
2025-07-25 18:00:00,51.5,0.0,2025-07-25 18:00:00,298.48776,25.337769
2025-07-26 00:00:00,51.5,0.0,2025-07-26 00:00:00,291.6033,18.453308
2025-07-26 06:00:00,51.5,0.0,2025-07-26 06:00:00,289.82837,16.678375
2025-07-26 12:00:00,51.5,0.0,2025-07-26 12:00:00,294.74615,21.59616
2025-07-26 18:00:00,51.5,0.0,2025-07-26 18:00:00,295.16748,22.017487
2025-07-27 00:00:00,51.5,0.0,2025-07-27 00:00:00,289.65118,16.50119
2025-07-27 06:00:00,51.5,0.0,2025-07-27 06:00:00,287.9646,14.814606
2025-07-27 12:00:00,51.5,0.0,2025-07-27 12:00:00,293.75708,20.607086
2025-07-27 18:00:00,51.5,0.0,2025-07-27 18:00:00,292.78094,19.63095
2025-07-28 00:00:00,51.5,0.0,2025-07-28 00:00:00,289.51553,16.36554
2025-07-28 06:00:00,51.5,0.0,2025-07-28 06:00:00,288.39307,15.2430725
2025-07-28 12:00:00,51.5,0.0,2025-07-28 12:00:00,295.8811,22.73111
2025-07-28 18:00:00,51.5,0.0,2025-07-28 18:00:00,295.8835,22.73352
2025-07-29 00:00:00,51.5,0.0,2025-07-29 00:00:00,290.81107,17.661072
2025-07-29 06:00:00,51.5,0.0,2025-07-29 06:00:00,288.21637,15.066376
2025-07-29 12:00:00,51.5,0.0,2025-07-29 12:00:00,290.86066,17.710663
2025-07-29 18:00:00,51.5,0.0,2025-07-29 18:00:00,292.85092,19.700928
2025-07-30 00:00:00,51.5,0.0,2025-07-30 00:00:00,289.7056,16.555603
2025-07-30 06:00:00,51.5,0.0,2025-07-30 06:00:00,289.88226,16.73227
2025-07-30 12:00:00,51.5,0.0,2025-07-30 12:00:00,295.01703,21.867035
2025-07-30 18:00:00,51.5,0.0,2025-07-30 18:00:00,297.22394,24.073944
2025-07-31 00:00:00,51.5,0.0,2025-07-31 00:00:00,291.66327,18.513275
2025-07-31 06:00:00,51.5,0.0,2025-07-31 06:00:00,289.99896,16.848969
2025-07-31 12:00:00,51.5,0.0,2025-07-31 12:00:00,294.73523,21.585236
2025-07-31 18:00:00,51.5,0.0,2025-07-31 18:00:00,294.70322,21.553223
2025-08-01 00:00:00,51.5,0.0,2025-08-01 00:00:00,289.5417,16.391693
2025-08-01 06:00:00,51.5,0.0,2025-08-01 06:00:00,286.9665,13.816498
2025-08-01 12:00:00,51.5,0.0,2025-08-01 12:00:00,292.2489,19.098907
2025-08-01 18:00:00,51.5,0.0,2025-08-01 18:00:00,290.59778,17.447784
2025-08-02 00:00:00,51.5,0.0,2025-08-02 00:00:00,286.95496,13.804962
2025-08-02 06:00:00,51.5,0.0,2025-08-02 06:00:00,287.12674,13.976746
2025-08-02 12:00:00,51.5,0.0,2025-08-02 12:00:00,291.5796,18.429596
2025-08-02 18:00:00,51.5,0.0,2025-08-02 18:00:00,293.29562,20.14563
2025-08-03 00:00:00,51.5,0.0,2025-08-03 00:00:00,287.20944,14.059448
2025-08-03 06:00:00,51.5,0.0,2025-08-03 06:00:00,287.03345,13.883453
2025-08-03 12:00:00,51.5,0.0,2025-08-03 12:00:00,294.31683,21.16684
2025-08-03 18:00:00,51.5,0.0,2025-08-03 18:00:00,295.52173,22.371735
2025-08-04 00:00:00,51.5,0.0,2025-08-04 00:00:00,291.34943,18.199432
2025-08-04 06:00:00,51.5,0.0,2025-08-04 06:00:00,289.63275,16.482758
2025-08-04 12:00:00,51.5,0.0,2025-08-04 12:00:00,294.83948,21.689484
2025-08-04 18:00:00,51.5,0.0,2025-08-04 18:00:00,294.08704,20.937042
2025-08-05 00:00:00,51.5,0.0,2025-08-05 00:00:00,288.85724,15.707245
2025-08-05 06:00:00,51.5,0.0,2025-08-05 06:00:00,286.6731,13.523102
2025-08-05 12:00:00,51.5,0.0,2025-08-05 12:00:00,292.76825,19.618256
2025-08-05 18:00:00,51.5,0.0,2025-08-05 18:00:00,293.5896,20.439606
2025-08-06 00:00:00,51.5,0.0,2025-08-06 00:00:00,286.5915,13.441498
2025-08-06 06:00:00,51.5,0.0,2025-08-06 06:00:00,283.99036,10.840363
2025-08-06 12:00:00,51.5,0.0,2025-08-06 12:00:00,293.8171,20.667114
2025-08-06 18:00:00,51.5,0.0,2025-08-06 18:00:00,293.56653,20.416534
2025-08-07 00:00:00,51.5,0.0,2025-08-07 00:00:00,289.05493,15.904938
2025-08-07 06:00:00,51.5,0.0,2025-08-07 06:00:00,287.93378,14.783783
2025-08-07 12:00:00,51.5,0.0,2025-08-07 12:00:00,294.17264,21.022644
2025-08-07 18:00:00,51.5,0.0,2025-08-07 18:00:00,294.54102,21.391022
2025-08-08 00:00:00,51.5,0.0,2025-08-08 00:00:00,291.742,18.59201
2025-08-08 06:00:00,51.5,0.0,2025-08-08 06:00:00,288.6311,15.48111
2025-08-08 12:00:00,51.5,0.0,2025-08-08 12:00:00,295.6433,22.493317
2025-08-08 18:00:00,51.5,0.0,2025-08-08 18:00:00,296.8404,23.6904
2025-08-09 00:00:00,51.5,0.0,2025-08-09 00:00:00,289.60492,16.454926
2025-08-09 06:00:00,51.5,0.0,2025-08-09 06:00:00,287.47546,14.32547
2025-08-09 12:00:00,51.5,0.0,2025-08-09 12:00:00,295.4436,22.29361
2025-08-09 18:00:00,51.5,0.0,2025-08-09 18:00:00,296.91638,23.766388
2025-08-10 00:00:00,51.5,0.0,2025-08-10 00:00:00,289.93677,16.786774
2025-08-10 06:00:00,51.5,0.0,2025-08-10 06:00:00,287.30914,14.159149
2025-08-10 12:00:00,51.5,0.0,2025-08-10 12:00:00,297.28143,24.13144
2025-08-10 18:00:00,51.5,0.0,2025-08-10 18:00:00,298.86032,25.710327
2025-08-11 00:00:00,51.5,0.0,2025-08-11 00:00:00,290.47714,17.327148
2025-08-11 06:00:00,51.5,0.0,2025-08-11 06:00:00,288.47797,15.327972
2025-08-11 12:00:00,51.5,0.0,2025-08-11 12:00:00,300.9105,27.760498
2025-08-11 18:00:00,51.5,0.0,2025-08-11 18:00:00,298.5197,25.36972
2025-08-12 00:00:00,51.5,0.0,2025-08-12 00:00:00,292.5145,19.364502
2025-08-12 06:00:00,51.5,0.0,2025-08-12 06:00:00,291.35455,18.20456
2025-08-12 12:00:00,51.5,0.0,2025-08-12 12:00:00,302.60297,29.452972
2025-08-12 18:00:00,51.5,0.0,2025-08-12 18:00:00,300.77295,27.622955
2025-08-13 00:00:00,51.5,0.0,2025-08-13 00:00:00,291.8533,18.703308
2025-08-13 06:00:00,51.5,0.0,2025-08-13 06:00:00,290.86664,17.716644
2025-08-13 12:00:00,51.5,0.0,2025-08-13 12:00:00,298.14194,24.991943
2025-08-13 18:00:00,51.5,0.0,2025-08-13 18:00:00,295.89825,22.74826
2025-08-14 00:00:00,51.5,0.0,2025-08-14 00:00:00,291.91614,18.766144
2025-08-14 06:00:00,51.5,0.0,2025-08-14 06:00:00,290.0966,16.946594
2025-08-14 12:00:00,51.5,0.0,2025-08-14 12:00:00,297.43384,24.283844
2025-08-14 18:00:00,51.5,0.0,2025-08-14 18:00:00,299.0124,25.862396
2025-08-15 00:00:00,51.5,0.0,2025-08-15 00:00:00,292.52625,19.376251
2025-08-15 06:00:00,51.5,0.0,2025-08-15 06:00:00,290.66827,17.51828
2025-08-15 12:00:00,51.5,0.0,2025-08-15 12:00:00,300.16016,27.010162
2025-08-15 18:00:00,51.5,0.0,2025-08-15 18:00:00,300.73636,27.586365
2025-08-16 00:00:00,51.5,0.0,2025-08-16 00:00:00,291.5502,18.400208
2025-08-16 06:00:00,51.5,0.0,2025-08-16 06:00:00,289.8957,16.745697
2025-08-16 12:00:00,51.5,0.0,2025-08-16 12:00:00,292.20178,19.051788
2025-08-16 18:00:00,51.5,0.0,2025-08-16 18:00:00,293.8217,20.671692
2025-08-17 00:00:00,51.5,0.0,2025-08-17 00:00:00,286.92096,13.770966
2025-08-17 06:00:00,51.5,0.0,2025-08-17 06:00:00,285.96228,12.812286
2025-08-17 12:00:00,51.5,0.0,2025-08-17 12:00:00,295.1535,22.00351
2025-08-17 18:00:00,51.5,0.0,2025-08-17 18:00:00,292.98914,19.839142
2025-08-18 00:00:00,51.5,0.0,2025-08-18 00:00:00,290.40295,17.25296
2025-08-18 06:00:00,51.5,0.0,2025-08-18 06:00:00,289.5832,16.433197
2025-08-18 12:00:00,51.5,0.0,2025-08-18 12:00:00,292.58304,19.433044
2025-08-18 18:00:00,51.5,0.0,2025-08-18 18:00:00,292.6291,19.479095
2025-08-19 00:00:00,51.5,0.0,2025-08-19 00:00:00,288.98682,15.8368225
2025-08-19 06:00:00,51.5,0.0,2025-08-19 06:00:00,288.94995,15.799957
2025-08-19 12:00:00,51.5,0.0,2025-08-19 12:00:00,296.5442,23.394196
2025-08-19 18:00:00,51.5,0.0,2025-08-19 18:00:00,294.1139,20.963898
2025-08-20 00:00:00,51.5,0.0,2025-08-20 00:00:00,288.99896,15.8489685
2025-08-20 06:00:00,51.5,0.0,2025-08-20 06:00:00,288.20978,15.059784
2025-08-20 12:00:00,51.5,0.0,2025-08-20 12:00:00,290.93182,17.78183
2025-08-20 18:00:00,51.5,0.0,2025-08-20 18:00:00,291.96,18.809998
2025-08-21 00:00:00,51.5,0.0,2025-08-21 00:00:00,288.05927,14.909271
2025-08-21 06:00:00,51.5,0.0,2025-08-21 06:00:00,287.29657,14.146576
2025-08-21 12:00:00,51.5,0.0,2025-08-21 12:00:00,292.0514,18.901398
2025-08-21 18:00:00,51.5,0.0,2025-08-21 18:00:00,291.51697,18.366974
2025-08-22 00:00:00,51.5,0.0,2025-08-22 00:00:00,285.52057,12.370575
2025-08-22 06:00:00,51.5,0.0,2025-08-22 06:00:00,283.5878,10.437805
2025-08-22 12:00:00,51.5,0.0,2025-08-22 12:00:00,293.11914,19.969147
2025-08-22 18:00:00,51.5,0.0,2025-08-22 18:00:00,294.274,21.123993
2025-08-23 00:00:00,51.5,0.0,2025-08-23 00:00:00,290.76904,17.61905
2025-08-23 06:00:00,51.5,0.0,2025-08-23 06:00:00,288.25507,15.105072
2025-08-23 12:00:00,51.5,0.0,2025-08-23 12:00:00,293.8421,20.692108
2025-08-23 18:00:00,51.5,0.0,2025-08-23 18:00:00,292.50226,19.352264
2025-08-24 00:00:00,51.5,0.0,2025-08-24 00:00:00,288.04123,14.891235
2025-08-24 06:00:00,51.5,0.0,2025-08-24 06:00:00,286.92285,13.772858
2025-08-24 12:00:00,51.5,0.0,2025-08-24 12:00:00,296.7909,23.6409
2025-08-24 18:00:00,51.5,0.0,2025-08-24 18:00:00,295.4262,22.276215
2025-08-25 00:00:00,51.5,0.0,2025-08-25 00:00:00,288.03638,14.886383
2025-08-25 06:00:00,51.5,0.0,2025-08-25 06:00:00,286.47565,13.325653
2025-08-25 12:00:00,51.5,0.0,2025-08-25 12:00:00,298.41522,25.265228
2025-08-25 18:00:00,51.5,0.0,2025-08-25 18:00:00,297.19397,24.043976
2025-08-26 00:00:00,51.5,0.0,2025-08-26 00:00:00,289.8051,16.65512
2025-08-26 06:00:00,51.5,0.0,2025-08-26 06:00:00,290.5535,17.403503
2025-08-26 12:00:00,51.5,0.0,2025-08-26 12:00:00,293.9524,20.802399
2025-08-26 18:00:00,51.5,0.0,2025-08-26 18:00:00,295.53983,22.389832
2025-08-27 00:00:00,51.5,0.0,2025-08-27 00:00:00,290.02832,16.878326
2025-08-27 06:00:00,51.5,0.0,2025-08-27 06:00:00,288.8299,15.679901
2025-08-27 12:00:00,51.5,0.0,2025-08-27 12:00:00,294.3394,21.189392
2025-08-27 18:00:00,51.5,0.0,2025-08-27 18:00:00,291.59055,18.440552
2025-08-28 00:00:00,51.5,0.0,2025-08-28 00:00:00,289.8137,16.663696
2025-08-28 06:00:00,51.5,0.0,2025-08-28 06:00:00,285.8482,12.698212
2025-08-28 12:00:00,51.5,0.0,2025-08-28 12:00:00,293.1543,20.004303
2025-08-28 18:00:00,51.5,0.0,2025-08-28 18:00:00,291.26544,18.115448
2025-08-29 00:00:00,51.5,0.0,2025-08-29 00:00:00,288.33447,15.184479
2025-08-29 06:00:00,51.5,0.0,2025-08-29 06:00:00,287.38623,14.236237
2025-08-29 12:00:00,51.5,0.0,2025-08-29 12:00:00,290.8327,17.682709
2025-08-29 18:00:00,51.5,0.0,2025-08-29 18:00:00,291.25717,18.107178
2025-08-30 00:00:00,51.5,0.0,2025-08-30 00:00:00,287.69507,14.545074
2025-08-30 06:00:00,51.5,0.0,2025-08-30 06:00:00,285.90274,12.752747
2025-08-30 12:00:00,51.5,0.0,2025-08-30 12:00:00,292.8219,19.671906
2025-08-30 18:00:00,51.5,0.0,2025-08-30 18:00:00,290.9481,17.798096
